epoch_start_sec,mean_hr,elapsed_hours,progress,pred_stage_code
0,58.5282061593883,0,0,NaN
30,59.0122097161548,0.00833333333333333,0.00112107623318386,NaN
60,67.8162214123728,0.0166666666666667,0.00224215246636771,NaN
90,55.7622317124129,0.025,0.00336322869955157,NaN
120,57.5168049199167,0.0333333333333333,0.00448430493273543,NaN
150,57.8453723360635,0.0416666666666667,0.00560538116591928,NaN
180,68.7505445889939,0.05,0.00672645739910314,NaN
210,59.6846686261289,0.0583333333333333,0.007847533632287,NaN
240,68.5976207980164,0.0666666666666667,0.00896860986547085,NaN
270,52.8220327121623,0.075,0.0100896860986547,3
300,50.666734931502,0.0833333333333333,0.0112107623318386,3
330,65.6161403714242,0.0916666666666667,0.0123318385650224,1
360,54.9813991910399,0.1,0.0134529147982063,1
390,59.9963007152045,0.108333333333333,0.0145739910313901,5
420,58.69618905808,0.116666666666667,0.015695067264574,4
450,61.4686692777066,0.125,0.0168161434977578,4
480,59.5630784644723,0.133333333333333,0.0179372197309417,4
510,62.4084311863302,0.141666666666667,0.0190582959641256,2
540,55.5813083310518,0.15,0.0201793721973094,4
570,63.8430996753239,0.158333333333333,0.0213004484304933,4
600,62.3058990852481,0.166666666666667,0.0224215246636771,5
630,52.9141928668547,0.175,0.023542600896861,1
660,62.8221879606983,0.183333333333333,0.0246636771300448,3
690,68.534967521955,0.191666666666667,0.0257847533632287,5
720,60.705465149445,0.2,0.0269058295964126,5
750,59.9313658355975,0.208333333333333,0.0280269058295964,4
780,50.4487727565553,0.216666666666667,0.0291479820627803,1
810,62.7333713264409,0.225,0.0302690582959641,5
840,58.462985187879,0.233333333333333,0.031390134529148,4
870,62.2028559914291,0.241666666666667,0.0325112107623318,2
900,50.8281368947403,0.25,0.0336322869955157,4
930,61.3572752999184,0.258333333333333,0.0347533632286996,2
960,52.5148233284654,0.266666666666667,0.0358744394618834,4
990,59.4684983019255,0.275,0.0369955156950673,5
1020,66.4124016741548,0.283333333333333,0.0381165919282511,1
1050,59.2860824297204,0.291666666666667,0.039237668161435,1
1080,63.0610225657701,0.3,0.0403587443946188,2
1110,52.9300550787979,0.308333333333333,0.0414798206278027,2
1140,60.6697631234043,0.316666666666667,0.0426008968609865,1
1170,64.1559762697443,0.325,0.0437219730941704,4
1200,53.3959364610585,0.333333333333333,0.0448430493273543,1
1230,53.6266007268709,0.341666666666667,0.0459641255605381,1
1260,66.2619619486847,0.35,0.047085201793722,4
1290,65.3307246127243,0.358333333333333,0.0482062780269058,1
1320,57.1218162327661,0.366666666666667,0.0493273542600897,1
1350,64.959094821994,0.375,0.0504484304932735,4
1380,63.6127015706317,0.383333333333333,0.0515695067264574,1
1410,54.2969923246217,0.391666666666667,0.0526905829596413,5
1440,55.9635213291467,0.4,0.0538116591928251,2
1470,57.6567757593745,0.408333333333333,0.054932735426009,2
1500,61.0598753385532,0.416666666666667,0.0560538116591928,5
1530,67.1231712029679,0.425,0.0571748878923767,3
1560,56.6189895220699,0.433333333333333,0.0582959641255605,2
1590,63.7489750287501,0.441666666666667,0.0594170403587444,1
1620,66.1641795930713,0.45,0.0605381165919283,4
1650,53.1966617707671,0.458333333333333,0.0616591928251121,2
1680,63.0756277558206,0.466666666666667,0.062780269058296,5
1710,60.6373427643545,0.475,0.0639013452914798,3
1740,68.8714471866235,0.483333333333333,0.0650224215246637,4
1770,66.6443356423485,0.491666666666667,0.0661434977578475,1
1800,54.3868398627669,0.5,0.0672645739910314,1
1830,57.4943789948362,0.508333333333333,0.0683856502242152,3
1860,56.8724818105765,0.516666666666667,0.0695067264573991,5
1890,63.6207300789152,0.525,0.070627802690583,5
1920,64.1174708726625,0.533333333333333,0.0717488789237668,4
1950,59.6267656530127,0.541666666666667,0.0728699551569507,5
1980,61.7143903350776,0.55,0.0739910313901345,2
2010,59.5623357423826,0.558333333333333,0.0751121076233184,2
2040,59.2083947143065,0.566666666666667,0.0762331838565022,2
2070,68.9285313839559,0.575,0.0773542600896861,4
2100,63.1941145667782,0.583333333333333,0.07847533632287,1
2130,65.5815812602687,0.591666666666667,0.0795964125560538,3
2160,61.8276710929319,0.6,0.0807174887892377,1
2190,57.260027344221,0.608333333333333,0.0818385650224215,4
2220,63.1684776317689,0.616666666666667,0.0829596412556054,2
2250,53.1568840908566,0.625,0.0840807174887892,1
2280,66.4865394539176,0.633333333333333,0.0852017937219731,5
2310,56.6793589053285,0.641666666666667,0.086322869955157,1
2340,70.5818120953235,0.65,0.0874439461883408,5
2370,61.7960154933993,0.658333333333333,0.0885650224215247,5
2400,55.7098908607974,0.666666666666667,0.0896860986547085,4
2430,61.2497240297525,0.675,0.0908071748878924,5
2460,62.5671952130803,0.683333333333333,0.0919282511210762,3
2490,64.0509299289161,0.691666666666667,0.0930493273542601,2
2520,68.5836357259282,0.7,0.0941704035874439,4
2550,51.6343402849428,0.708333333333333,0.0952914798206278,3
2580,52.1018397737716,0.716666666666667,0.0964125560538117,2
2610,51.5762350590718,0.725,0.0975336322869955,5
2640,50.9777628331234,0.733333333333333,0.0986547085201794,2
2670,59.3804074423902,0.741666666666667,0.0997757847533632,5
2700,52.1628563442521,0.75,0.100896860986547,1
2730,55.9402109587666,0.758333333333333,0.102017937219731,1
2760,71.3962856499371,0.766666666666667,0.103139013452915,4
2790,61.7850097027379,0.775,0.104260089686099,1
2820,52.7483270738007,0.783333333333333,0.105381165919283,1
2850,63.1035857517681,0.791666666666667,0.106502242152466,2
2880,61.6281083629387,0.8,0.10762331838565,4
2910,68.5124137227293,0.808333333333333,0.108744394618834,5
2940,61.1821895154754,0.816666666666667,0.109865470852018,1
2970,66.4626394904326,0.825,0.110986547085202,5
3000,72.5673398546844,0.833333333333333,0.112107623318386,3
3030,68.6602450291962,0.841666666666667,0.11322869955157,4
3060,58.527020130941,0.85,0.114349775784753,2
3090,58.1363281030558,0.858333333333333,0.115470852017937,3
3120,56.6487230366527,0.866666666666667,0.116591928251121,5
3150,58.3601464015375,0.875,0.117713004484305,4
3180,66.2689565725635,0.883333333333333,0.118834080717489,1
3210,71.5130997809932,0.891666666666667,0.119955156950673,4
3240,58.6882131789235,0.9,0.121076233183857,5
3270,67.6611240072974,0.908333333333333,0.12219730941704,3
3300,52.0949860672484,0.916666666666667,0.123318385650224,5
3330,63.0828384533161,0.925,0.124439461883408,1
3360,57.1888851462185,0.933333333333333,0.125560538116592,3
3390,59.5824708308322,0.941666666666667,0.126681614349776,3
3420,66.2885103392809,0.95,0.12780269058296,3
3450,66.3481036167499,0.958333333333333,0.128923766816144,5
3480,65.387958216565,0.966666666666667,0.130044843049327,3
3510,61.2551531529639,0.975,0.131165919282511,5
3540,59.1207193055793,0.983333333333333,0.132286995515695,3
3570,57.2330774737904,0.991666666666667,0.133408071748879,2
3600,57.6841816397918,1,0.134529147982063,2
3630,53.3922191053267,1.00833333333333,0.135650224215247,2
3660,56.12763069619,1.01666666666667,0.13677130044843,1
3690,67.6424665579958,1.025,0.137892376681614,3
3720,60.1549139104948,1.03333333333333,0.139013452914798,5
3750,60.0340625595051,1.04166666666667,0.140134529147982,3
3780,55.6220597443105,1.05,0.141255605381166,4
3810,58.7845420070766,1.05833333333333,0.14237668161435,1
3840,65.3416913044823,1.06666666666667,0.143497757847534,5
3870,69.0845686398239,1.075,0.144618834080717,2
3900,63.2211694401379,1.08333333333333,0.145739910313901,1
3930,72.080603604064,1.09166666666667,0.146860986547085,5
3960,59.6216594321805,1.1,0.147982062780269,4
3990,60.2428151504766,1.10833333333333,0.149103139013453,5
4020,67.3026054923592,1.11666666666667,0.150224215246637,5
4050,63.0450774878242,1.125,0.151345291479821,3
4080,67.3917342578586,1.13333333333333,0.152466367713004,1
4110,63.6172688638237,1.14166666666667,0.153587443946188,1
4140,61.875816940456,1.15,0.154708520179372,1
4170,64.8560948595959,1.15833333333333,0.155829596412556,4
4200,61.7140642279862,1.16666666666667,0.15695067264574,1
4230,57.8767857240915,1.175,0.158071748878924,2
4260,68.5144455036944,1.18333333333333,0.159192825112108,3
4290,53.4106198291054,1.19166666666667,0.160313901345291,3
4320,61.7494664996655,1.2,0.161434977578475,4
4350,61.6338109284514,1.20833333333333,0.162556053811659,5
4380,62.2106857688871,1.21666666666667,0.163677130044843,1
4410,64.5689059045416,1.225,0.164798206278027,1
4440,57.5921928253561,1.23333333333333,0.165919282511211,5
4470,59.886299576702,1.24166666666667,0.167040358744395,2
4500,64.8476470377899,1.25,0.168161434977578,3
4530,59.3397393200101,1.25833333333333,0.169282511210762,5
4560,68.4562438927227,1.26666666666667,0.170403587443946,5
4590,55.7658751546921,1.275,0.17152466367713,2
4620,53.8188372907788,1.28333333333333,0.172645739910314,4
4650,50.7498124938929,1.29166666666667,0.173766816143498,5
4680,64.6190266541139,1.3,0.174887892376682,5
4710,63.258039156586,1.30833333333333,0.176008968609865,1
4740,65.1397226123104,1.31666666666667,0.177130044843049,4
4770,60.3108233053705,1.325,0.178251121076233,5
4800,67.1545447352931,1.33333333333333,0.179372197309417,4
4830,56.2585927093034,1.34166666666667,0.180493273542601,3
4860,60.3858092607296,1.35,0.181614349775785,5
4890,57.575782111326,1.35833333333333,0.182735426008969,1
4920,58.5856440128144,1.36666666666667,0.183856502242152,2
4950,59.3393095850379,1.375,0.184977578475336,4
4980,60.977429716319,1.38333333333333,0.18609865470852,3
5010,64.7153136610981,1.39166666666667,0.187219730941704,3
5040,53.5837158037068,1.4,0.188340807174888,5
5070,51.1774034662467,1.40833333333333,0.189461883408072,4
5100,60.9550967076913,1.41666666666667,0.190582959641256,3
5130,66.9517755497447,1.425,0.191704035874439,2
5160,58.1956875022602,1.43333333333333,0.192825112107623,2
5190,65.6269219683997,1.44166666666667,0.193946188340807,5
5220,59.3454453296457,1.45,0.195067264573991,5
5250,64.7692020897884,1.45833333333333,0.196188340807175,1
5280,60.6846774362226,1.46666666666667,0.197309417040359,2
5310,62.0105982988859,1.475,0.198430493273543,4
5340,65.3584597322971,1.48333333333333,0.199551569506726,3
5370,59.9003563419122,1.49166666666667,0.20067264573991,5
5400,64.6969335038386,1.5,0.201793721973094,1
5430,56.2068270024097,1.50833333333333,0.202914798206278,4
5460,55.7300710280241,1.51666666666667,0.204035874439462,4
5490,56.3468429268574,1.525,0.205156950672646,4
5520,60.3586012691526,1.53333333333333,0.20627802690583,2
5550,65.1858061601257,1.54166666666667,0.207399103139013,3
5580,54.5435390180967,1.55,0.208520179372197,1
5610,57.5800349522112,1.55833333333333,0.209641255605381,1
5640,59.7283280109875,1.56666666666667,0.210762331838565,3
5670,65.070572091266,1.575,0.211883408071749,1
5700,62.2909602629547,1.58333333333333,0.213004484304933,1
5730,58.9746107302986,1.59166666666667,0.214125560538117,1
5760,57.4167354117541,1.6,0.2152466367713,4
5790,70.1466266160042,1.60833333333333,0.216367713004484,4
5820,55.53949867512,1.61666666666667,0.217488789237668,5
5850,66.3287573948872,1.625,0.218609865470852,3
5880,51.7091716944564,1.63333333333333,0.219730941704036,5
5910,57.5115976880646,1.64166666666667,0.22085201793722,4
5940,65.2227821175166,1.65,0.221973094170404,2
5970,66.0712762089743,1.65833333333333,0.223094170403587,5
6000,62.2521270295917,1.66666666666667,0.224215246636771,4
6030,65.7475064561661,1.675,0.225336322869955,3
6060,61.8586754657406,1.68333333333333,0.226457399103139,1
6090,55.4072287479053,1.69166666666667,0.227578475336323,5
6120,59.3728992105849,1.7,0.228699551569507,1
6150,54.8668508084233,1.70833333333333,0.229820627802691,5
6180,61.5522681565585,1.71666666666667,0.230941704035874,2
6210,56.2049841164066,1.725,0.232062780269058,5
6240,60.6962485083019,1.73333333333333,0.233183856502242,5
6270,71.5077979092045,1.74166666666667,0.234304932735426,5
6300,59.9515649665609,1.75,0.23542600896861,5
6330,56.7886877778645,1.75833333333333,0.236547085201794,5
6360,51.7963472730304,1.76666666666667,0.237668161434978,5
6390,60.1767461520275,1.775,0.238789237668161,5
6420,51.7088352590028,1.78333333333333,0.239910313901345,1
6450,66.6161827144262,1.79166666666667,0.241031390134529,2
6480,54.734360262434,1.8,0.242152466367713,1
6510,60.689059266017,1.80833333333333,0.243273542600897,5
6540,66.5203503611074,1.81666666666667,0.244394618834081,2
6570,56.3972015946485,1.825,0.245515695067265,5
6600,61.9728363786165,1.83333333333333,0.246636771300448,4
6630,56.2697772660274,1.84166666666667,0.247757847533632,2
6660,55.696291050086,1.85,0.248878923766816,5
6690,54.356998829587,1.85833333333333,0.25,3
6720,58.0562811659811,1.86666666666667,0.251121076233184,1
6750,67.4825593854638,1.875,0.252242152466368,2
6780,56.8662238896567,1.88333333333333,0.253363228699552,5
6810,62.4846901017928,1.89166666666667,0.254484304932735,2
6840,60.3247205131937,1.9,0.255605381165919,4
6870,61.4447007678587,1.90833333333333,0.256726457399103,4
6900,62.8522491527057,1.91666666666667,0.257847533632287,4
6930,56.9165857611763,1.925,0.258968609865471,2
6960,54.9181329556671,1.93333333333333,0.260089686098655,3
6990,58.5296173102309,1.94166666666667,0.261210762331839,3
7020,58.9193479519343,1.95,0.262331838565022,2
7050,67.8545839938881,1.95833333333333,0.263452914798206,3
7080,60.9523286428604,1.96666666666667,0.26457399103139,5
7110,51.5785510595893,1.975,0.265695067264574,2
7140,59.9115374769256,1.98333333333333,0.266816143497758,4
7170,57.5322661058606,1.99166666666667,0.267937219730942,3
7200,74.2921385796112,2,0.269058295964126,3
7230,67.9279397740626,2.00833333333333,0.270179372197309,2
7260,64.6246922630597,2.01666666666667,0.271300448430493,4
7290,66.3280321637504,2.025,0.272421524663677,4
7320,58.1478885850077,2.03333333333333,0.273542600896861,2
7350,62.5656488692294,2.04166666666667,0.274663677130045,4
7380,60.949114048564,2.05,0.275784753363229,5
7410,63.3602546431772,2.05833333333333,0.276905829596413,5
7440,65.5921761616056,2.06666666666667,0.278026905829596,5
7470,61.8555446437646,2.075,0.27914798206278,1
7500,60.3604073674643,2.08333333333333,0.280269058295964,4
7530,57.1412087890869,2.09166666666667,0.281390134529148,5
7560,66.7098205578302,2.1,0.282511210762332,2
7590,54.0582114365178,2.10833333333333,0.283632286995516,1
7620,60.2541517976764,2.11666666666667,0.2847533632287,5
7650,59.9533154620193,2.125,0.285874439461883,5
7680,65.7092070912237,2.13333333333333,0.286995515695067,2
7710,61.9220147292591,2.14166666666667,0.288116591928251,4
7740,58.2650894181807,2.15,0.289237668161435,1
7770,58.61245384995,2.15833333333333,0.290358744394619,1
7800,57.2326180421188,2.16666666666667,0.291479820627803,2
7830,60.1702140354588,2.175,0.292600896860987,5
7860,62.7131955882663,2.18333333333333,0.29372197309417,1
7890,61.4856556205955,2.19166666666667,0.294843049327354,5
7920,67.5976321137277,2.2,0.295964125560538,2
7950,64.1965850379659,2.20833333333333,0.297085201793722,1
7980,54.0371401107782,2.21666666666667,0.298206278026906,4
8010,65.6583801344669,2.225,0.29932735426009,1
8040,63.2208166378559,2.23333333333333,0.300448430493274,4
8070,68.8252485995412,2.24166666666667,0.301569506726457,5
8100,55.5853149695558,2.25,0.302690582959641,4
8130,59.454781982064,2.25833333333333,0.303811659192825,2
8160,70.2947302040672,2.26666666666667,0.304932735426009,4
8190,63.7761519709558,2.275,0.306053811659193,4
8220,62.3345043124893,2.28333333333333,0.307174887892377,5
8250,56.6547168943634,2.29166666666667,0.308295964125561,5
8280,62.0620227814815,2.3,0.309417040358744,2
8310,62.2177933900614,2.30833333333333,0.310538116591928,2
8340,65.2233144559854,2.31666666666667,0.311659192825112,4
8370,62.5973307661942,2.325,0.312780269058296,5
8400,60.7269949709018,2.33333333333333,0.31390134529148,4
8430,52.9717489863519,2.34166666666667,0.315022421524664,2
8460,60.7509389107424,2.35,0.316143497757848,1
8490,62.3663565664033,2.35833333333333,0.317264573991031,1
8520,67.4714663111732,2.36666666666667,0.318385650224215,5
8550,53.1868063705034,2.375,0.319506726457399,3
8580,64.1932888959952,2.38333333333333,0.320627802690583,4
8610,63.5668415145608,2.39166666666667,0.321748878923767,3
8640,66.232465030227,2.4,0.322869955156951,4
8670,58.2450958817466,2.40833333333333,0.323991031390135,1
8700,59.3793362129009,2.41666666666667,0.325112107623318,4
8730,67.7022254047428,2.425,0.326233183856502,1
8760,58.9065979520604,2.43333333333333,0.327354260089686,3
8790,51.5503251308402,2.44166666666667,0.32847533632287,5
8820,64.6693276338188,2.45,0.329596412556054,1
8850,72.9312488356618,2.45833333333333,0.330717488789238,4
8880,50.746167391544,2.46666666666667,0.331838565022422,1
8910,53.3022874374164,2.475,0.332959641255605,5
8940,51.719909789665,2.48333333333333,0.334080717488789,5
8970,59.2963064152147,2.49166666666667,0.335201793721973,5
9000,59.774373118958,2.5,0.336322869955157,4
9030,55.4561564556625,2.50833333333333,0.337443946188341,4
9060,62.0518080958912,2.51666666666667,0.338565022421525,4
9090,69.7115969270265,2.525,0.339686098654709,5
9120,59.0252894060944,2.53333333333333,0.340807174887892,3
9150,60.561804677737,2.54166666666667,0.341928251121076,2
9180,62.999387023366,2.55,0.34304932735426,1
9210,73.7616239796639,2.55833333333333,0.344170403587444,2
9240,56.8600009314093,2.56666666666667,0.345291479820628,3
9270,65.2226594951978,2.575,0.346412556053812,3
9300,56.7079530453334,2.58333333333333,0.347533632286996,4
9330,60.3771911856921,2.59166666666667,0.348654708520179,1
9360,73.7324187343754,2.6,0.349775784753363,3
9390,73.6949725595841,2.60833333333333,0.350896860986547,5
9420,65.1820541837042,2.61666666666667,0.352017937219731,2
9450,64.4053350690717,2.625,0.353139013452915,4
9480,63.03487436782,2.63333333333333,0.354260089686099,1
9510,56.1102014367299,2.64166666666667,0.355381165919283,2
9540,67.4304100103947,2.65,0.356502242152466,1
9570,53.5822690724759,2.65833333333333,0.35762331838565,2
9600,50.6961874534302,2.66666666666667,0.358744394618834,3
9630,58.2541719765342,2.675,0.359865470852018,4
9660,57.2914441328599,2.68333333333333,0.360986547085202,5
9690,58.1571331691243,2.69166666666667,0.362107623318386,1
9720,55.2013394485036,2.7,0.36322869955157,2
9750,53.158277220227,2.70833333333333,0.364349775784753,2
9780,53.9980274442257,2.71666666666667,0.365470852017937,5
9810,59.08615813055,2.725,0.366591928251121,1
9840,64.2007781770498,2.73333333333333,0.367713004484305,4
9870,64.9637567322756,2.74166666666667,0.368834080717489,5
9900,70.3760168598281,2.75,0.369955156950673,1
9930,64.304503952512,2.75833333333333,0.371076233183857,4
9960,69.9847756430728,2.76666666666667,0.37219730941704,3
9990,62.7655122879302,2.775,0.373318385650224,1
10020,66.6740652723985,2.78333333333333,0.374439461883408,5
10050,68.5689171539333,2.79166666666667,0.375560538116592,4
10080,65.1906248307385,2.8,0.376681614349776,5
10110,58.3404053755417,2.80833333333333,0.37780269058296,3
10140,63.5998105560065,2.81666666666667,0.378923766816143,5
10170,56.3169601287235,2.825,0.380044843049327,3
10200,65.282557782234,2.83333333333333,0.381165919282511,4
10230,53.8119564939814,2.84166666666667,0.382286995515695,3
10260,54.9351081724364,2.85,0.383408071748879,2
10290,54.817785547932,2.85833333333333,0.384529147982063,5
10320,59.3986450924109,2.86666666666667,0.385650224215247,2
10350,62.6902712527546,2.875,0.38677130044843,2
10380,67.0195960391115,2.88333333333333,0.387892376681614,5
10410,53.8183667227478,2.89166666666667,0.389013452914798,2
10440,66.5588207375467,2.9,0.390134529147982,5
10470,61.3665125866402,2.90833333333333,0.391255605381166,2
10500,60.1919110273543,2.91666666666667,0.39237668161435,3
10530,60.2263215730796,2.925,0.393497757847534,3
10560,53.3805048105808,2.93333333333333,0.394618834080717,3
10590,62.5987348413008,2.94166666666667,0.395739910313901,3
10620,61.3459149306565,2.95,0.396860986547085,1
10650,71.6830846310287,2.95833333333333,0.397982062780269,4
10680,55.5875972098427,2.96666666666667,0.399103139013453,4
10710,63.2652349601862,2.975,0.400224215246637,2
10740,65.2549086244654,2.98333333333333,0.401345291479821,3
10770,56.5335890056912,2.99166666666667,0.402466367713004,3
10800,56.4160813450758,3,0.403587443946188,1
10830,52.3811567172162,3.00833333333333,0.404708520179372,4
10860,56.9218003521181,3.01666666666667,0.405829596412556,4
10890,69.8468519129297,3.025,0.40695067264574,4
10920,65.1627586426214,3.03333333333333,0.408071748878924,3
10950,52.927820194825,3.04166666666667,0.409192825112108,2
10980,57.3872144766083,3.05,0.410313901345291,2
11010,54.7924645055862,3.05833333333333,0.411434977578475,5
11040,70.3350942631261,3.06666666666667,0.412556053811659,4
11070,56.8538325713057,3.075,0.413677130044843,1
11100,61.0734187422291,3.08333333333333,0.414798206278027,2
11130,64.440026741256,3.09166666666667,0.415919282511211,5
11160,62.6972369604256,3.1,0.417040358744395,2
11190,52.925097165622,3.10833333333333,0.418161434977578,5
11220,62.8416950676362,3.11666666666667,0.419282511210762,5
11250,65.7216161372999,3.125,0.420403587443946,3
11280,62.746301687571,3.13333333333333,0.42152466367713,3
11310,51.9712610951242,3.14166666666667,0.422645739910314,5
11340,55.503958076326,3.15,0.423766816143498,5
11370,58.9775022388036,3.15833333333333,0.424887892376682,3
11400,62.9697910827659,3.16666666666667,0.426008968609865,4
11430,52.9137985371085,3.175,0.427130044843049,1
11460,62.6185085800053,3.18333333333333,0.428251121076233,1
11490,55.4368079277741,3.19166666666667,0.429372197309417,3
11520,52.5999187860026,3.2,0.430493273542601,4
11550,63.1845966542481,3.20833333333333,0.431614349775785,5
11580,67.1207755447297,3.21666666666667,0.432735426008969,1
11610,66.9709924073415,3.225,0.433856502242152,3
11640,63.1763536139124,3.23333333333333,0.434977578475336,4
11670,64.7068900093736,3.24166666666667,0.43609865470852,3
11700,62.583057462311,3.25,0.437219730941704,1
11730,65.2174668977447,3.25833333333333,0.438340807174888,4
11760,60.4126088069442,3.26666666666667,0.439461883408072,3
11790,58.4060670234567,3.275,0.440582959641256,5
11820,58.9446704777249,3.28333333333333,0.441704035874439,2
11850,64.5658815022446,3.29166666666667,0.442825112107623,4
11880,57.9486870526466,3.3,0.443946188340807,3
11910,69.9225632115024,3.30833333333333,0.445067264573991,4
11940,52.0308339722284,3.31666666666667,0.446188340807175,3
11970,56.7084970647564,3.325,0.447309417040359,1
12000,51.0328484417547,3.33333333333333,0.448430493273543,2
12030,57.8099564320241,3.34166666666667,0.449551569506726,4
12060,63.3927347261419,3.35,0.45067264573991,4
12090,55.5965027433396,3.35833333333333,0.451793721973094,3
12120,51.1135162809633,3.36666666666667,0.452914798206278,1
12150,54.0265301962891,3.375,0.454035874439462,4
12180,58.9407755573201,3.38333333333333,0.455156950672646,4
12210,64.8783759826423,3.39166666666667,0.45627802690583,4
12240,68.6997828261218,3.4,0.457399103139013,4
12270,65.1649370373967,3.40833333333333,0.458520179372197,1
12300,53.6669249985765,3.41666666666667,0.459641255605381,5
12330,65.3865229773936,3.425,0.460762331838565,3
12360,70.6914565399491,3.43333333333333,0.461883408071749,2
12390,60.7884710241827,3.44166666666667,0.463004484304933,4
12420,55.2310239951205,3.45,0.464125560538117,2
12450,63.4460249262668,3.45833333333333,0.4652466367713,1
12480,64.8750936301143,3.46666666666667,0.466367713004484,1
12510,68.9009784935494,3.475,0.467488789237668,4
12540,63.692153637935,3.48333333333333,0.468609865470852,5
12570,58.7285339800385,3.49166666666667,0.469730941704036,5
12600,72.9010916919806,3.5,0.47085201793722,3
12630,58.8219348167827,3.50833333333333,0.471973094170404,4
12660,69.2131859840033,3.51666666666667,0.473094170403587,3
12690,61.5649388649886,3.525,0.474215246636771,5
12720,56.7557996755259,3.53333333333333,0.475336322869955,4
12750,65.3823410260229,3.54166666666667,0.476457399103139,5
12780,66.8801849485961,3.55,0.477578475336323,4
12810,58.3360386558941,3.55833333333333,0.478699551569507,3
12840,68.9712109549487,3.56666666666667,0.479820627802691,1
12870,51.218107547574,3.575,0.480941704035874,3
12900,59.4029077964596,3.58333333333333,0.482062780269058,3
12930,53.3947200340221,3.59166666666667,0.483183856502242,1
12960,60.2446574431857,3.6,0.484304932735426,2
12990,51.1397791525415,3.60833333333333,0.48542600896861,4
13020,50.4558617056291,3.61666666666667,0.486547085201794,4
13050,61.3825821615855,3.625,0.487668161434978,1
13080,58.895989187876,3.63333333333333,0.488789237668161,4
13110,53.2040429030821,3.64166666666667,0.489910313901345,1
13140,53.7810428160807,3.65,0.491031390134529,4
13170,55.6419400423703,3.65833333333333,0.492152466367713,2
13200,66.2724200674848,3.66666666666667,0.493273542600897,1
13230,62.0062210911817,3.675,0.494394618834081,4
13260,55.1326439722837,3.68333333333333,0.495515695067265,3
13290,59.1906264966876,3.69166666666667,0.496636771300448,1
13320,58.2325837662914,3.7,0.497757847533632,5
13350,67.7641019291457,3.70833333333333,0.498878923766816,2
13380,59.2928967211775,3.71666666666667,0.5,2
13410,63.8377042154014,3.725,0.501121076233184,4
13440,65.6478197937502,3.73333333333333,0.502242152466368,3
13470,53.1484619230193,3.74166666666667,0.503363228699552,4
13500,59.3179615915965,3.75,0.504484304932735,3
13530,66.16871089099,3.75833333333333,0.505605381165919,1
13560,59.9984956255358,3.76666666666667,0.506726457399103,3
13590,61.1513559990455,3.775,0.507847533632287,1
13620,58.7879174773178,3.78333333333333,0.508968609865471,2
13650,60.948371408012,3.79166666666667,0.510089686098655,1
13680,58.2128854867975,3.8,0.511210762331839,1
13710,55.4311322317822,3.80833333333333,0.512331838565022,3
13740,57.1280112443248,3.81666666666667,0.513452914798206,4
13770,50.5163501876853,3.825,0.51457399103139,2
13800,53.0839967764657,3.83333333333333,0.515695067264574,1
13830,53.3597517937778,3.84166666666667,0.516816143497758,4
13860,56.264037213453,3.85,0.517937219730942,3
13890,63.5300357055936,3.85833333333333,0.519058295964126,4
13920,65.3771942174757,3.86666666666667,0.520179372197309,2
13950,56.2655373306836,3.875,0.521300448430493,1
13980,69.3745619930781,3.88333333333333,0.522421524663677,1
14010,60.6117281025122,3.89166666666667,0.523542600896861,1
14040,60.2657458647893,3.9,0.524663677130045,4
14070,53.3626843085989,3.90833333333333,0.525784753363229,4
14100,54.8491612663442,3.91666666666667,0.526905829596413,3
14130,60.1503564998928,3.925,0.528026905829596,2
14160,55.6652720375208,3.93333333333333,0.52914798206278,4
14190,62.1059962113004,3.94166666666667,0.530269058295964,1
14220,68.7438215938454,3.95,0.531390134529148,2
14250,72.6431153764197,3.95833333333333,0.532511210762332,5
14280,65.048158095311,3.96666666666667,0.533632286995516,5
14310,68.6283427636313,3.975,0.5347533632287,3
14340,58.5629780264722,3.98333333333333,0.535874439461883,3
14370,60.5970274417463,3.99166666666667,0.536995515695067,1
14400,67.0952484089245,4,0.538116591928251,1
14430,64.1905051243555,4.00833333333333,0.539237668161435,4
14460,54.3758707769539,4.01666666666667,0.540358744394619,1
14490,63.1805439181982,4.025,0.541479820627803,4
14520,57.4564016788999,4.03333333333333,0.542600896860987,4
14550,54.4034199875927,4.04166666666667,0.54372197309417,2
14580,60.6044493826143,4.05,0.544843049327354,2
14610,51.1472761034356,4.05833333333333,0.545964125560538,2
14640,61.1087182062033,4.06666666666667,0.547085201793722,3
14670,57.2454362161214,4.075,0.548206278026906,1
14700,62.8247590563446,4.08333333333333,0.54932735426009,2
14730,60.1442944703028,4.09166666666667,0.550448430493274,5
14760,65.6331083901296,4.1,0.551569506726457,1
14790,59.5893593247302,4.10833333333333,0.552690582959641,1
14820,59.5875645879156,4.11666666666667,0.553811659192825,4
14850,69.0075805279498,4.125,0.554932735426009,5
14880,65.2323934700155,4.13333333333333,0.556053811659193,5
14910,65.3580989811011,4.14166666666667,0.557174887892377,4
14940,63.8162359269208,4.15,0.55829596412556,5
14970,54.3626780973798,4.15833333333333,0.559417040358744,4
15000,60.2596379237621,4.16666666666667,0.560538116591928,2
15030,52.199394400215,4.175,0.561659192825112,3
15060,53.8300424416303,4.18333333333333,0.562780269058296,3
15090,55.9200075052839,4.19166666666667,0.56390134529148,2
15120,73.0830121215744,4.2,0.565022421524664,2
15150,54.5209556404925,4.20833333333333,0.566143497757848,4
15180,58.068407256509,4.21666666666667,0.567264573991031,5
15210,59.8506193793086,4.225,0.568385650224215,1
15240,69.1175695072898,4.23333333333333,0.569506726457399,4
15270,52.4965268695075,4.24166666666667,0.570627802690583,5
15300,69.6819072458384,4.25,0.571748878923767,3
15330,61.9169371716531,4.25833333333333,0.572869955156951,4
15360,67.1347956285025,4.26666666666667,0.573991031390135,3
15390,71.5609932073935,4.275,0.575112107623318,3
15420,57.1398137640013,4.28333333333333,0.576233183856502,2
15450,60.7847638280874,4.29166666666667,0.577354260089686,1
15480,64.7110820883906,4.3,0.57847533632287,4
15510,52.3164357276595,4.30833333333333,0.579596412556054,4
15540,54.3714773400149,4.31666666666667,0.580717488789238,4
15570,69.5004004350446,4.325,0.581838565022421,5
15600,62.2999859117871,4.33333333333333,0.582959641255605,5
15630,70.6121767574193,4.34166666666667,0.584080717488789,2
15660,56.9696260063378,4.35,0.585201793721973,1
15690,60.5872413686012,4.35833333333333,0.586322869955157,1
15720,59.6015279830848,4.36666666666667,0.587443946188341,2
15750,66.7654463563223,4.375,0.588565022421525,1
15780,59.1195324839014,4.38333333333333,0.589686098654709,4
15810,68.513645819813,4.39166666666667,0.590807174887892,2
15840,59.170686879331,4.4,0.591928251121076,3
15870,61.9499282110172,4.40833333333333,0.59304932735426,5
15900,57.1452405789649,4.41666666666667,0.594170403587444,3
15930,56.0921834385428,4.425,0.595291479820628,2
15960,64.4560907747338,4.43333333333333,0.596412556053812,1
15990,60.9561456260084,4.44166666666667,0.597533632286996,5
16020,62.940642661375,4.45,0.598654708520179,4
16050,62.9705787092499,4.45833333333333,0.599775784753363,2
16080,69.0805505298419,4.46666666666667,0.600896860986547,4
16110,60.6600342070689,4.475,0.602017937219731,2
16140,63.8578715660477,4.48333333333333,0.603139013452915,4
16170,78.3205502910625,4.49166666666667,0.604260089686099,1
16200,69.0415140451518,4.5,0.605381165919282,5
16230,71.7883778327425,4.50833333333333,0.606502242152466,5
16260,63.544599328143,4.51666666666667,0.60762331838565,5
16290,67.4243021342099,4.525,0.608744394618834,4
16320,64.2100053140336,4.53333333333333,0.609865470852018,4
16350,61.1615242814759,4.54166666666667,0.610986547085202,2
16380,69.5991671490161,4.55,0.612107623318386,5
16410,65.6790324140778,4.55833333333333,0.61322869955157,5
16440,57.1891658933489,4.56666666666667,0.614349775784753,3
16470,53.3519840455892,4.575,0.615470852017937,2
16500,61.3914019878422,4.58333333333333,0.616591928251121,3
16530,56.8602534345616,4.59166666666667,0.617713004484305,4
16560,58.0636817093323,4.6,0.618834080717489,3
16590,54.1236228372022,4.60833333333333,0.619955156950673,1
16620,56.4335465971429,4.61666666666667,0.621076233183857,3
16650,56.1245552823702,4.625,0.62219730941704,5
16680,63.193055703588,4.63333333333333,0.623318385650224,3
16710,62.4020158885485,4.64166666666667,0.624439461883408,5
16740,56.1911096862277,4.65,0.625560538116592,2
16770,57.0336795808075,4.65833333333333,0.626681614349776,2
16800,61.2931390768151,4.66666666666667,0.62780269058296,1
16830,62.6068343131041,4.675,0.628923766816143,1
16860,50.9142788911107,4.68333333333333,0.630044843049327,1
16890,54.9295928607189,4.69166666666667,0.631165919282511,4
16920,54.7344160595688,4.7,0.632286995515695,2
16950,65.457033596744,4.70833333333333,0.633408071748879,1
16980,62.1188384966708,4.71666666666667,0.634529147982063,5
17010,60.5740589965758,4.725,0.635650224215247,2
17040,59.4139906350442,4.73333333333333,0.63677130044843,5
17070,62.0547036137376,4.74166666666667,0.637892376681614,2
17100,56.221362102264,4.75,0.639013452914798,4
17130,60.9356404665443,4.75833333333333,0.640134529147982,1
17160,53.5262108416672,4.76666666666667,0.641255605381166,2
17190,58.0311507437386,4.775,0.64237668161435,4
17220,57.1435894269582,4.78333333333333,0.643497757847534,2
17250,57.2659380950616,4.79166666666667,0.644618834080718,3
17280,57.6829634714444,4.8,0.645739910313901,1
17310,65.9263525471219,4.80833333333333,0.646860986547085,5
17340,61.8261034778285,4.81666666666667,0.647982062780269,3
17370,70.5512206159081,4.825,0.649103139013453,2
17400,58.9144238722389,4.83333333333333,0.650224215246637,5
17430,58.4535729107561,4.84166666666667,0.651345291479821,5
17460,66.4995698863794,4.85,0.652466367713004,3
17490,59.5945908675293,4.85833333333333,0.653587443946188,3
17520,61.0612896589505,4.86666666666667,0.654708520179372,5
17550,58.530767175479,4.875,0.655829596412556,5
17580,57.3361063088458,4.88333333333333,0.65695067264574,3
17610,60.1787088217559,4.89166666666667,0.658071748878924,4
17640,60.8520104717407,4.9,0.659192825112108,5
17670,55.431699403295,4.90833333333333,0.660313901345291,2
17700,56.5243496347132,4.91666666666667,0.661434977578475,5
17730,65.2535937436751,4.925,0.662556053811659,5
17760,65.1811547862519,4.93333333333333,0.663677130044843,3
17790,54.0259240233612,4.94166666666667,0.664798206278027,1
17820,70.6119156476227,4.95,0.665919282511211,4
17850,63.7157171442779,4.95833333333333,0.667040358744395,2
17880,70.1647637636451,4.96666666666667,0.668161434977579,4
17910,70.6222547716853,4.975,0.669282511210762,3
17940,53.6918896884359,4.98333333333333,0.670403587443946,3
17970,61.4727220643406,4.99166666666667,0.67152466367713,1
18000,73.7181213583271,5,0.672645739910314,2
18030,54.4354845658323,5.00833333333333,0.673766816143498,1
18060,59.4538494011272,5.01666666666667,0.674887892376682,3
18090,58.0521652595339,5.025,0.676008968609865,4
18120,64.0913939842525,5.03333333333333,0.677130044843049,2
18150,50.5366558056221,5.04166666666667,0.678251121076233,1
18180,55.3651584983735,5.05,0.679372197309417,4
18210,77.7517863193656,5.05833333333333,0.680493273542601,5
18240,64.0704934878855,5.06666666666667,0.681614349775785,4
18270,62.8711390975269,5.075,0.682735426008969,4
18300,61.1518204911512,5.08333333333333,0.683856502242152,5
18330,72.104652317552,5.09166666666667,0.684977578475336,4
18360,53.9079431712508,5.1,0.68609865470852,2
18390,59.0390833531651,5.10833333333333,0.687219730941704,4
18420,64.0641422575264,5.11666666666667,0.688340807174888,2
18450,53.8049107822607,5.125,0.689461883408072,5
18480,57.6106567430865,5.13333333333333,0.690582959641256,5
18510,59.597524763108,5.14166666666667,0.69170403587444,3
18540,58.7370476279426,5.15,0.692825112107623,3
18570,67.498943864949,5.15833333333333,0.693946188340807,1
18600,51.9508097625098,5.16666666666667,0.695067264573991,1
18630,73.5829848447841,5.175,0.696188340807175,3
18660,62.0067589007417,5.18333333333333,0.697309417040359,1
18690,62.9781127784237,5.19166666666667,0.698430493273543,5
18720,58.9613678792691,5.2,0.699551569506726,1
18750,54.5524542878834,5.20833333333333,0.70067264573991,2
18780,50.7727060893434,5.21666666666667,0.701793721973094,2
18810,61.7793129143688,5.225,0.702914798206278,2
18840,64.1502517857908,5.23333333333333,0.704035874439462,3
18870,59.7049184644381,5.24166666666667,0.705156950672646,2
18900,73.2964124864873,5.25,0.70627802690583,2
18930,55.4400958102406,5.25833333333333,0.707399103139013,3
18960,62.3632239992851,5.26666666666667,0.708520179372197,2
18990,56.2382033060085,5.275,0.709641255605381,5
19020,53.2955322062013,5.28333333333333,0.710762331838565,4
19050,52.7941129442666,5.29166666666667,0.711883408071749,5
19080,57.358458479846,5.3,0.713004484304933,2
19110,59.5689443935035,5.30833333333333,0.714125560538117,5
19140,70.8162586785674,5.31666666666667,0.7152466367713,1
19170,57.445356366112,5.325,0.716367713004484,1
19200,65.3194674882484,5.33333333333333,0.717488789237668,4
19230,64.888802506003,5.34166666666667,0.718609865470852,4
19260,56.9342195212707,5.35,0.719730941704036,4
19290,64.8759881982339,5.35833333333333,0.72085201793722,5
19320,58.9839704248152,5.36666666666667,0.721973094170404,1
19350,63.718574443422,5.375,0.723094170403587,1
19380,65.8466536068011,5.38333333333333,0.724215246636771,2
19410,60.2815316216472,5.39166666666667,0.725336322869955,3
19440,62.2504848625438,5.4,0.726457399103139,5
19470,57.0654713550526,5.40833333333333,0.727578475336323,4
19500,60.0962837131515,5.41666666666667,0.728699551569507,2
19530,58.8275701527921,5.425,0.729820627802691,4
19560,62.2045823125293,5.43333333333333,0.730941704035874,2
19590,63.7467687910096,5.44166666666667,0.732062780269058,1
19620,61.9461683662347,5.45,0.733183856502242,2
19650,65.1505004744712,5.45833333333333,0.734304932735426,2
19680,62.5722100979682,5.46666666666667,0.73542600896861,5
19710,51.4625861650328,5.475,0.736547085201794,3
19740,61.1462248618557,5.48333333333333,0.737668161434978,3
19770,56.6609184362734,5.49166666666667,0.738789237668161,3
19800,60.4573357867785,5.5,0.739910313901345,1
19830,53.5073480102815,5.50833333333333,0.741031390134529,4
19860,52.4230971562338,5.51666666666667,0.742152466367713,3
19890,64.4282061728484,5.525,0.743273542600897,1
19920,59.8807067165643,5.53333333333333,0.744394618834081,1
19950,59.9916742172339,5.54166666666667,0.745515695067265,1
19980,55.2423002435529,5.55,0.746636771300448,5
20010,54.9254981192524,5.55833333333333,0.747757847533632,3
20040,70.7687080196918,5.56666666666667,0.748878923766816,3
20070,66.5415414712529,5.575,0.75,3
20100,60.5616141010197,5.58333333333333,0.751121076233184,2
20130,56.0458640558374,5.59166666666667,0.752242152466368,5
20160,66.5118565070172,5.6,0.753363228699552,4
20190,53.6362725837707,5.60833333333333,0.754484304932735,1
20220,51.6078998281941,5.61666666666667,0.755605381165919,4
20250,60.2422151534055,5.625,0.756726457399103,5
20280,74.9818845906237,5.63333333333333,0.757847533632287,5
20310,65.2362320095265,5.64166666666667,0.758968609865471,5
20340,64.9090675759962,5.65,0.760089686098655,4
20370,56.272329255595,5.65833333333333,0.761210762331839,1
20400,64.3907195316175,5.66666666666667,0.762331838565022,1
20430,54.639148186009,5.675,0.763452914798206,3
20460,60.4087548523525,5.68333333333333,0.76457399103139,4
20490,56.5325569305831,5.69166666666667,0.765695067264574,1
20520,58.1286858242606,5.7,0.766816143497758,2
20550,69.6087626517293,5.70833333333333,0.767937219730942,4
20580,63.2577161196104,5.71666666666667,0.769058295964126,3
20610,65.9707068760271,5.725,0.770179372197309,2
20640,64.7467735020817,5.73333333333333,0.771300448430493,3
20670,61.8490190372552,5.74166666666667,0.772421524663677,2
20700,69.2645322941317,5.75,0.773542600896861,5
20730,58.789646908477,5.75833333333333,0.774663677130045,1
20760,63.341832999181,5.76666666666667,0.775784753363229,1
20790,56.6419832816355,5.775,0.776905829596413,5
20820,66.2151514572157,5.78333333333333,0.778026905829596,3
20850,53.7816648907082,5.79166666666667,0.77914798206278,3
20880,53.5047498299972,5.8,0.780269058295964,5
20910,54.4236724259179,5.80833333333333,0.781390134529148,5
20940,61.4575289323536,5.81666666666667,0.782511210762332,4
20970,65.4818455470842,5.825,0.783632286995516,5
21000,53.7996252708358,5.83333333333333,0.7847533632287,2
21030,70.7431444933381,5.84166666666667,0.785874439461883,1
21060,62.102737565289,5.85,0.786995515695067,2
21090,54.1362955890129,5.85833333333333,0.788116591928251,2
21120,63.0135362416193,5.86666666666667,0.789237668161435,1
21150,63.3147782389218,5.875,0.790358744394619,5
21180,59.017037549746,5.88333333333333,0.791479820627803,3
21210,65.0974051735802,5.89166666666667,0.792600896860987,5
21240,59.1601045834212,5.9,0.79372197309417,5
21270,53.1419153721195,5.90833333333333,0.794843049327354,5
21300,60.2990492021197,5.91666666666667,0.795964125560538,4
21330,63.072603499525,5.925,0.797085201793722,5
21360,56.7317587434604,5.93333333333333,0.798206278026906,4
21390,62.4010351163533,5.94166666666667,0.79932735426009,2
21420,56.5697281210281,5.95,0.800448430493274,1
21450,64.9136001260619,5.95833333333333,0.801569506726457,3
21480,61.2876335278609,5.96666666666667,0.802690582959641,2
21510,55.2690494506881,5.975,0.803811659192825,3
21540,59.4576314834928,5.98333333333333,0.804932735426009,4
21570,57.9971157643244,5.99166666666667,0.806053811659193,3
21600,66.5320885052649,6,0.807174887892377,5
21630,55.4187198311558,6.00833333333333,0.80829596412556,4
21660,50.5566113529837,6.01666666666667,0.809417040358744,2
21690,61.7740387464447,6.025,0.810538116591928,2
21720,50.727510569306,6.03333333333333,0.811659192825112,2
21750,51.3801229976364,6.04166666666667,0.812780269058296,5
21780,62.5400066308569,6.05,0.81390134529148,4
21810,60.1440675459391,6.05833333333333,0.815022421524664,2
21840,65.6861986704248,6.06666666666667,0.816143497757848,2
21870,50.9993189817455,6.075,0.817264573991031,5
21900,63.8060587436565,6.08333333333333,0.818385650224215,2
21930,67.7645489922095,6.09166666666667,0.819506726457399,5
21960,63.2786186564649,6.1,0.820627802690583,5
21990,61.8693963393418,6.10833333333333,0.821748878923767,5
22020,70.3316352154348,6.11666666666667,0.822869955156951,3
22050,63.8039289179769,6.125,0.823991031390135,2
22080,65.0494842013275,6.13333333333333,0.825112107623318,5
22110,66.6801977274938,6.14166666666667,0.826233183856502,1
22140,63.7576951424678,6.15,0.827354260089686,4
22170,50.5975439507824,6.15833333333333,0.82847533632287,2
22200,58.2408086427254,6.16666666666667,0.829596412556054,3
22230,66.206016362239,6.175,0.830717488789238,3
22260,57.5877405250468,6.18333333333333,0.831838565022421,1
22290,55.9145577807192,6.19166666666667,0.832959641255605,1
22320,60.7353265852425,6.2,0.834080717488789,3
22350,59.884303988605,6.20833333333333,0.835201793721973,5
22380,64.4404314966738,6.21666666666667,0.836322869955157,4
22410,52.6319837542349,6.225,0.837443946188341,4
22440,51.47968923436,6.23333333333333,0.838565022421525,5
22470,70.5290408957665,6.24166666666667,0.839686098654709,5
22500,51.3654582253797,6.25,0.840807174887892,1
22530,53.3701196243271,6.25833333333333,0.841928251121076,2
22560,63.2150118751361,6.26666666666667,0.84304932735426,4
22590,69.2874644602107,6.275,0.844170403587444,3
22620,54.0327212679485,6.28333333333333,0.845291479820628,3
22650,55.8912134173101,6.29166666666667,0.846412556053812,4
22680,62.3437904676618,6.3,0.847533632286996,2
22710,68.9854432568218,6.30833333333333,0.848654708520179,2
22740,61.7927329619645,6.31666666666667,0.849775784753363,5
22770,55.1076070160339,6.325,0.850896860986547,5
22800,55.1901848321267,6.33333333333333,0.852017937219731,3
22830,56.6398331882998,6.34166666666667,0.853139013452915,1
22860,64.9377915901654,6.35,0.854260089686099,1
22890,56.5528977153,6.35833333333333,0.855381165919282,1
22920,62.64648776121,6.36666666666667,0.856502242152466,2
22950,53.9164661707993,6.375,0.85762331838565,1
22980,62.258932365561,6.38333333333333,0.858744394618834,5
23010,66.9811074132263,6.39166666666667,0.859865470852018,5
23040,57.225628059941,6.4,0.860986547085202,2
23070,53.6055743663843,6.40833333333333,0.862107623318386,1
23100,65.4110010084406,6.41666666666667,0.86322869955157,5
23130,61.7910849626994,6.425,0.864349775784753,2
23160,55.6461258902845,6.43333333333333,0.865470852017937,2
23190,59.9855275850386,6.44166666666667,0.866591928251121,4
23220,63.6620435161646,6.45,0.867713004484305,3
23250,52.649939890799,6.45833333333333,0.868834080717489,1
23280,61.6850594514347,6.46666666666667,0.869955156950673,4
23310,57.4920435447502,6.475,0.871076233183857,1
23340,54.2488923487739,6.48333333333333,0.87219730941704,4
23370,72.5305669390383,6.49166666666667,0.873318385650224,3
23400,64.1122074425117,6.5,0.874439461883408,2
23430,65.977621442745,6.50833333333333,0.875560538116592,3
23460,68.5730003565693,6.51666666666667,0.876681614349776,2
23490,65.440703611921,6.525,0.87780269058296,1
23520,59.5297209185047,6.53333333333333,0.878923766816143,4
23550,60.390222888946,6.54166666666667,0.880044843049327,1
23580,52.1904382364923,6.55,0.881165919282511,4
23610,50.7402906212188,6.55833333333333,0.882286995515695,1
23640,64.3730785195499,6.56666666666667,0.883408071748879,5
23670,60.4493834623151,6.575,0.884529147982063,1
23700,68.895283513463,6.58333333333333,0.885650224215247,5
23730,54.6717613970077,6.59166666666667,0.88677130044843,4
23760,63.8291676984231,6.6,0.887892376681614,1
23790,53.3853437123925,6.60833333333333,0.889013452914798,5
23820,74.8610011490833,6.61666666666667,0.890134529147982,4
23850,56.6628668560236,6.625,0.891255605381166,2
23880,64.3034737335894,6.63333333333333,0.89237668161435,1
23910,63.4341462320519,6.64166666666667,0.893497757847534,2
23940,64.655489943794,6.65,0.894618834080718,2
23970,70.665600060325,6.65833333333333,0.895739910313901,1
24000,55.6360199100881,6.66666666666667,0.896860986547085,4
24030,66.5424317384482,6.675,0.897982062780269,1
24060,53.0103701755906,6.68333333333333,0.899103139013453,5
24090,60.5764243577215,6.69166666666667,0.900224215246637,4
24120,53.6031951139855,6.7,0.901345291479821,5
24150,56.7151286551139,6.70833333333333,0.902466367713004,1
24180,55.9348152467342,6.71666666666667,0.903587443946188,1
24210,63.1576618805612,6.725,0.904708520179372,2
24240,64.3058534187412,6.73333333333333,0.905829596412556,2
24270,60.9317483053869,6.74166666666667,0.90695067264574,4
24300,57.7301105944929,6.75,0.908071748878924,3
24330,57.246800117299,6.75833333333333,0.909192825112108,3
24360,61.1560928333829,6.76666666666667,0.910313901345291,2
24390,52.7400791914881,6.775,0.911434977578475,3
24420,62.5689839059255,6.78333333333333,0.912556053811659,3
24450,56.0107121682385,6.79166666666667,0.913677130044843,5
24480,52.5913575544638,6.8,0.914798206278027,2
24510,57.652252861067,6.80833333333333,0.915919282511211,3
24540,53.5947647700927,6.81666666666667,0.917040358744395,5
24570,68.3098713016181,6.825,0.918161434977579,5
24600,61.5981809243909,6.83333333333333,0.919282511210762,4
24630,65.1825482602978,6.84166666666667,0.920403587443946,1
24660,51.4985530592331,6.85,0.92152466367713,1
24690,69.834424802924,6.85833333333333,0.922645739910314,5
24720,56.9774454390672,6.86666666666667,0.923766816143498,2
24750,64.6507108942552,6.875,0.924887892376682,2
24780,58.4242598963778,6.88333333333333,0.926008968609865,4
24810,68.6108032640491,6.89166666666667,0.927130044843049,3
24840,63.807166479202,6.9,0.928251121076233,3
24870,57.8061784279258,6.90833333333333,0.929372197309417,1
24900,66.6691932097305,6.91666666666667,0.930493273542601,4
24930,57.0423243296658,6.925,0.931614349775785,1
24960,69.7411752304002,6.93333333333333,0.932735426008969,3
24990,50.5149951362339,6.94166666666667,0.933856502242152,2
25020,58.398278068275,6.95,0.934977578475336,3
25050,61.198364771571,6.95833333333333,0.93609865470852,1
25080,60.3410428109169,6.96666666666667,0.937219730941704,5
25110,70.5538511859198,6.975,0.938340807174888,4
25140,61.0541702841815,6.98333333333333,0.939461883408072,4
25170,56.4551266383359,6.99166666666667,0.940582959641256,1
25200,61.4498415865624,7,0.94170403587444,1
25230,64.7774910283504,7.00833333333333,0.942825112107623,3
25260,60.1889067605141,7.01666666666667,0.943946188340807,4
25290,55.561492482645,7.025,0.945067264573991,3
25320,60.4310162392929,7.03333333333333,0.946188340807175,4
25350,62.2208277748824,7.04166666666667,0.947309417040359,2
25380,52.3458780671049,7.05,0.948430493273543,4
25410,60.8195480071938,7.05833333333333,0.949551569506726,2
25440,51.1220180857665,7.06666666666667,0.95067264573991,2
25470,66.8165462430369,7.075,0.951793721973094,1
25500,70.0396054472363,7.08333333333333,0.952914798206278,4
25530,55.4507991922443,7.09166666666667,0.954035874439462,4
25560,53.5803947567703,7.1,0.955156950672646,3
25590,64.2302989560274,7.10833333333333,0.95627802690583,4
25620,54.5012517202555,7.11666666666667,0.957399103139013,5
25650,61.7659760280161,7.125,0.958520179372197,4
25680,51.4225556786673,7.13333333333333,0.959641255605381,2
25710,56.3838526326578,7.14166666666667,0.960762331838565,1
25740,54.5728656928356,7.15,0.961883408071749,3
25770,56.4258092286159,7.15833333333333,0.963004484304933,3
25800,51.6465505669473,7.16666666666667,0.964125560538117,4
25830,57.6650516920588,7.175,0.9652466367713,1
25860,64.4843289095054,7.18333333333333,0.966367713004484,5
25890,68.8043567621451,7.19166666666667,0.967488789237668,2
25920,52.8475521084481,7.2,0.968609865470852,3
25950,68.4173547580497,7.20833333333333,0.969730941704036,4
25980,57.2016601544966,7.21666666666667,0.97085201793722,4
26010,50.7265810677898,7.225,0.971973094170404,2
26040,59.2317517685322,7.23333333333333,0.973094170403587,1
26070,57.3477394093131,7.24166666666667,0.974215246636771,1
26100,63.6960636192515,7.25,0.975336322869955,5
26130,54.5066927814625,7.25833333333333,0.976457399103139,2
26160,61.9951260869536,7.26666666666667,0.977578475336323,5
26190,54.2706212402097,7.275,0.978699551569507,3
26220,59.5245616311925,7.28333333333333,0.979820627802691,4
26250,59.6337450968287,7.29166666666667,0.980941704035874,3
26280,64.3097427201356,7.3,0.982062780269058,1
26310,58.1859317446817,7.30833333333333,0.983183856502242,1
26340,58.1605106543511,7.31666666666667,0.984304932735426,5
26370,61.7714755932014,7.325,0.98542600896861,4
26400,59.1194134921713,7.33333333333333,0.986547085201794,2
26430,64.4617028753736,7.34166666666667,0.987668161434978,2
26460,60.6918993909067,7.35,0.988789237668161,5
26490,69.2725333168536,7.35833333333333,0.989910313901345,1
26520,54.3048623974577,7.36666666666667,0.991031390134529,2
26550,64.6176507949501,7.375,0.992152466367713,3
26580,57.1163999868854,7.38333333333333,0.993273542600897,5
26610,60.2638768442132,7.39166666666667,0.994394618834081,3
26640,67.9945726949391,7.4,0.995515695067265,3
26670,67.8172068226721,7.40833333333333,0.996636771300448,3
26700,64.1161548980038,7.41666666666667,0.997757847533632,2
26730,51.2563240722334,7.425,0.998878923766816,3
26760,63.811479344019,7.43333333333333,1,1
